index,genre
249.wav,blues
275.wav,hiphop
261.wav,rock
16.wav,classical
103.wav,hiphop
117.wav,blues
498.wav,reggae
329.wav,pop
301.wav,blues
467.wav,rock
473.wav,hiphop
315.wav,classical
472.wav,blues
314.wav,disco
300.wav,rock
466.wav,country
328.wav,classical
499.wav,blues
116.wav,blues
102.wav,reggae
17.wav,pop
260.wav,classical
274.wav,classical
248.wav,rock
289.wav,classical
262.wav,pop
276.wav,reggae
15.wav,hiphop
29.wav,blues
128.wav,disco
114.wav,country
100.wav,reggae
458.wav,pop
316.wav,pop
470.wav,classical
464.wav,reggae
302.wav,blues
465.wav,classical
303.wav,blues
317.wav,reggae
471.wav,reggae
459.wav,blues
101.wav,country
115.wav,classical
129.wav,rock
28.wav,blues
14.wav,metal
277.wav,pop
263.wav,metal
288.wav,metal
298.wav,jazz
267.wav,metal
273.wav,rock
38.wav,country
10.wav,pop
111.wav,blues
105.wav,blues
139.wav,classical
475.wav,metal
313.wav,reggae
307.wav,blues
461.wav,metal
449.wav,hiphop
448.wav,classical
306.wav,classical
460.wav,blues
474.wav,classical
312.wav,country
138.wav,pop
104.wav,metal
110.wav,pop
11.wav,classical
39.wav,metal
272.wav,reggae
266.wav,country
299.wav,jazz
270.wav,rock
264.wav,pop
258.wav,pop
13.wav,hiphop
106.wav,pop
112.wav,blues
489.wav,jazz
462.wav,pop
304.wav,pop
310.wav,pop
476.wav,blues
338.wav,classical
339.wav,metal
311.wav,reggae
477.wav,classical
463.wav,pop
305.wav,blues
488.wav,classical
113.wav,pop
107.wav,hiphop
12.wav,country
259.wav,rock
265.wav,blues
271.wav,reggae
216.wav,country
202.wav,reggae
61.wav,rock
75.wav,pop
49.wav,reggae
148.wav,classical
160.wav,reggae
174.wav,disco
389.wav,pop
438.wav,pop
404.wav,jazz
362.wav,classical
376.wav,blues
410.wav,rock
377.wav,pop
411.wav,pop
405.wav,country
363.wav,metal
439.wav,rock
388.wav,rock
175.wav,metal
161.wav,rock
149.wav,metal
48.wav,rock
74.wav,rock
60.wav,country
203.wav,blues
217.wav,reggae
229.wav,hiphop
201.wav,hiphop
215.wav,reggae
188.wav,pop
76.wav,classical
62.wav,rock
177.wav,blues
89.wav,classical
163.wav,pop
349.wav,classical
413.wav,country
375.wav,metal
361.wav,classical
407.wav,pop
360.wav,metal
406.wav,reggae
412.wav,classical
374.wav,classical
348.wav,rock
162.wav,rock
176.wav,metal
88.wav,blues
63.wav,pop
189.wav,blues
77.wav,metal
214.wav,classical
200.wav,blues
228.wav,classical
204.wav,blues
210.wav,classical
238.wav,blues
9.wav,classical
73.wav,classical
199.wav,hiphop
67.wav,pop
172.wav,pop
166.wav,pop
98.wav,reggae
370.wav,pop
416.wav,classical
402.wav,jazz
364.wav,pop
358.wav,jazz
359.wav,blues
403.wav,classical
365.wav,pop
371.wav,blues
417.wav,reggae
167.wav,pop
99.wav,pop
173.wav,disco
198.wav,blues
66.wav,classical
72.wav,classical
8.wav,blues
239.wav,metal
211.wav,disco
205.wav,blues
213.wav,classical
207.wav,metal
58.wav,reggae
64.wav,metal
70.wav,pop
165.wav,jazz
171.wav,rock
159.wav,metal
398.wav,disco
367.wav,rock
401.wav,classical
415.wav,disco
373.wav,classical
429.wav,country
428.wav,classical
414.wav,blues
372.wav,hiphop
366.wav,classical
400.wav,reggae
399.wav,pop
158.wav,pop
170.wav,pop
164.wav,jazz
71.wav,pop
65.wav,pop
59.wav,metal
206.wav,jazz
212.wav,blues
237.wav,rock
223.wav,blues
40.wav,hiphop
54.wav,blues
6.wav,metal
182.wav,country
68.wav,blues
196.wav,blues
83.wav,blues
97.wav,metal
169.wav,reggae
141.wav,hiphop
155.wav,country
380.wav,blues
394.wav,classical
419.wav,pop
425.wav,metal
343.wav,metal
357.wav,blues
431.wav,metal
356.wav,reggae
430.wav,metal
424.wav,rock
342.wav,pop
418.wav,metal
395.wav,country
381.wav,jazz
154.wav,jazz
140.wav,metal
96.wav,metal
168.wav,reggae
82.wav,classical
69.wav,reggae
197.wav,metal
183.wav,classical
55.wav,metal
7.wav,disco
41.wav,metal
222.wav,pop
236.wav,hiphop
208.wav,jazz
220.wav,hiphop
234.wav,pop
5.wav,reggae
57.wav,pop
43.wav,blues
195.wav,rock
181.wav,blues
94.wav,rock
80.wav,blues
156.wav,pop
142.wav,classical
397.wav,hiphop
383.wav,blues
368.wav,reggae
432.wav,blues
354.wav,rock
340.wav,metal
426.wav,pop
341.wav,reggae
427.wav,pop
433.wav,classical
355.wav,blues
369.wav,country
382.wav,pop
396.wav,country
143.wav,metal
157.wav,classical
81.wav,metal
95.wav,pop
180.wav,pop
194.wav,rock
42.wav,jazz
4.wav,reggae
56.wav,pop
235.wav,pop
221.wav,classical
209.wav,country
225.wav,pop
231.wav,hiphop
219.wav,blues
190.wav,jazz
184.wav,disco
52.wav,disco
0.wav,pop
46.wav,pop
153.wav,country
147.wav,classical
91.wav,jazz
85.wav,metal
392.wav,country
386.wav,pop
351.wav,rock
437.wav,blues
423.wav,pop
345.wav,pop
379.wav,pop
378.wav,metal
422.wav,jazz
344.wav,metal
350.wav,classical
436.wav,classical
387.wav,pop
393.wav,classical
84.wav,hiphop
90.wav,disco
146.wav,pop
152.wav,pop
47.wav,pop
53.wav,pop
1.wav,metal
185.wav,pop
191.wav,disco
218.wav,reggae
230.wav,reggae
224.wav,hiphop
232.wav,rock
226.wav,blues
79.wav,classical
187.wav,blues
193.wav,classical
45.wav,metal
3.wav,rock
51.wav,blues
144.wav,classical
150.wav,pop
86.wav,blues
178.wav,pop
92.wav,metal
385.wav,metal
391.wav,classical
346.wav,jazz
420.wav,pop
434.wav,metal
352.wav,pop
408.wav,classical
409.wav,reggae
435.wav,pop
353.wav,classical
347.wav,blues
421.wav,rock
390.wav,hiphop
384.wav,jazz
93.wav,blues
87.wav,rock
179.wav,metal
151.wav,disco
145.wav,classical
2.wav,metal
50.wav,pop
44.wav,pop
192.wav,reggae
78.wav,jazz
186.wav,hiphop
227.wav,country
233.wav,pop
297.wav,reggae
283.wav,classical
268.wav,reggae
254.wav,classical
240.wav,hiphop
23.wav,pop
37.wav,blues
122.wav,rock
136.wav,blues
485.wav,blues
491.wav,jazz
308.wav,disco
320.wav,rock
446.wav,rock
452.wav,metal
334.wav,blues
453.wav,metal
335.wav,rock
321.wav,classical
447.wav,blues
309.wav,disco
490.wav,disco
484.wav,metal
137.wav,pop
123.wav,blues
36.wav,country
22.wav,classical
241.wav,blues
255.wav,rock
269.wav,disco
282.wav,rock
296.wav,blues
280.wav,pop
294.wav,blues
243.wav,pop
257.wav,pop
34.wav,pop
20.wav,classical
109.wav,rock
135.wav,metal
121.wav,blues
492.wav,pop
486.wav,jazz
479.wav,rock
337.wav,pop
451.wav,metal
445.wav,reggae
323.wav,jazz
444.wav,metal
322.wav,pop
336.wav,reggae
450.wav,blues
478.wav,rock
487.wav,rock
493.wav,blues
120.wav,classical
134.wav,blues
108.wav,hiphop
21.wav,country
35.wav,blues
256.wav,rock
242.wav,country
295.wav,blues
281.wav,hiphop
285.wav,blues
291.wav,classical
246.wav,metal
252.wav,classical
19.wav,country
31.wav,pop
25.wav,jazz
130.wav,country
124.wav,classical
118.wav,disco
497.wav,pop
483.wav,metal
454.wav,hiphop
332.wav,pop
326.wav,metal
440.wav,metal
468.wav,pop
469.wav,rock
327.wav,reggae
441.wav,hiphop
455.wav,blues
333.wav,pop
482.wav,pop
496.wav,classical
119.wav,pop
125.wav,hiphop
131.wav,blues
24.wav,metal
30.wav,jazz
18.wav,hiphop
253.wav,blues
247.wav,pop
290.wav,pop
284.wav,disco
292.wav,pop
286.wav,classical
251.wav,classical
245.wav,rock
279.wav,disco
26.wav,jazz
32.wav,country
127.wav,hiphop
133.wav,classical
480.wav,disco
494.wav,metal
443.wav,blues
325.wav,classical
331.wav,pop
457.wav,blues
319.wav,blues
318.wav,hiphop
330.wav,blues
456.wav,country
442.wav,classical
324.wav,metal
495.wav,rock
481.wav,blues
132.wav,classical
126.wav,blues
33.wav,blues
27.wav,hiphop
278.wav,classical
244.wav,hiphop
250.wav,classical
287.wav,rock
293.wav,pop
